{
  "experiment_name": "baseline_smallcnn_epoch01",
  "clean_top1_accuracy": 0.4375,
  "augmented_top1_accuracy": 0.0625,
  "clean_eer": 0.2544642857142857,
  "augmented_eer": 0.3705357142857143,
  "clean_threshold": 0.9970043897628784,
  "augmented_threshold": 0.9913648366928101,
  "evaluation_environment": "telephone"
}